Workbook

Sheet GLD 年度標打
A1: GLD 每年生產標打實績 2023–2025（客人：GU）
A2: 來源：Capacity Overview 2023-2026_20250918 to GU.xlsx — 工作表「2023-2026標打實績MK內部用」；GLD = 印尼 GLD1 廠，全檔為對 GU 之產能/實績檔
A4: 一、GLD 年度標打（平織 + 針織）
A5: 年度 | B5: GLD_W 平織 標打 | C5: GLD_K 針織 標打 | D5: GLD 合計 標打 | E5: 年 MAX 產能 標打 | F5: 達成率 (標打/MAX) | G5: YoY 成長率
A6: 2023 | B6: ='GLD 季度明細'!B2+'GLD 季度明細'!B3+'GLD 季度明細'!B4+'GLD 季度明細'!B5 -> 226412 | C6: ='GLD 季度明細'!C2+'GLD 季度明細'!C3+'GLD 季度明細'!C4+'GLD 季度明細'!C5 -> 345997 | D6: =B6+C6 -> 572409 | E6: 720000 | F6: =IFERROR(D6/E6,"") -> 0.7950125
A7: 2024 | B7: ='GLD 季度明細'!B6+'GLD 季度明細'!B7+'GLD 季度明細'!B8+'GLD 季度明細'!B9 -> 144608 | C7: ='GLD 季度明細'!C6+'GLD 季度明細'!C7+'GLD 季度明細'!C8+'GLD 季度明細'!C9 -> 249623 | D7: =B7+C7 -> 394231 | E7: 840000 | F7: =IFERROR(D7/E7,"") -> 0.46932262 | G7: =IFERROR((D7-D6)/D6,"") -> -0.31127743
A8: 2025 | B8: ='GLD 季度明細'!B10+'GLD 季度明細'!B11+'GLD 季度明細'!B12+'GLD 季度明細'!B13 -> 238875 | C8: ='GLD 季度明細'!C10+'GLD 季度明細'!C11+'GLD 季度明細'!C12+'GLD 季度明細'!C13 -> 326822 | D8: =B8+C8 -> 565697 | E8: 792000 | F8: =IFERROR(D8/E8,"") -> 0.71426389 | G8: =IFERROR((D8-D7)/D7,"") -> 0.43493789
A9: 3年合計 | B9: =SUM(B6:B8) -> 609895 | C9: =SUM(C6:C8) -> 922442 | D9: =SUM(D6:D8) -> 1532337 | E9: =SUM(E6:E8) -> 2352000 | F9: =IFERROR(D9/E9,"") -> 0.65150383
A11: 二、平織 / 針織 占比
A12: 年度 | B12: GLD_W 占比 | C12: GLD_K 占比
A13: 2023 | B13: =IFERROR(B6/D6,"") -> 0.39554235 | C13: =IFERROR(C6/D6,"") -> 0.60445765
A14: 2024 | B14: =IFERROR(B7/D7,"") -> 0.36681032 | C14: =IFERROR(C7/D7,"") -> 0.63318968
A15: 2025 | B15: =IFERROR(B8/D8,"") -> 0.42226669 | C15: =IFERROR(C8/D8,"") -> 0.57773331
A17: 說明 / 假設：
A18: 1. 「標打」取自來源檔工作表「2023-2026標打實績MK內部用」的 IND-GLD / GLD_W / GLD_K 標打欄（該檔另有 MK係数(MKIE/pcs) 版本，本表未採用）。
A19: 2. 客人範圍：整份來源檔為「to GU」的產能檔（Capacity chart 分頁標題為「Makalot for GU 產能變化沿革」），無其他客人欄位，故標打實績即 GU 訂單。
A20: GLD1 平織自 2024/08 起規劃固定線 9 條為 100% GU 專線（來源檔註記）。
A21: 3. 年度值以四季加總（公式），與來源檔自身年度欄位差異 ≤1 標打（來源四捨五入）。
A22: 4. GLD = 印尼 GLD1 廠；2024-Q3 起才分「GLD_W 平織 / GLD_K 針織」固定線，2023~2024-Q2 的 MAX 僅有 GLD 合併標準（2023: 6萬標打/月、2024: 7萬標打/月）。
A23: 5. 2025 下半年 MAX 下修係因 GU 自 2025/09 EXF 起改以 MIN 標準計算（來源檔註記 MIN Standard）。
A24: 6. 來源檔另一分頁「2023-26 IND」的 2025 數字與主表不同，差異對照見「來源差異對照」分頁。

Sheet GLD 季度明細
A1: 期間 | B1: GLD_W 平織 標打 | C1: GLD_K 針織 標打 | D1: GLD 合計 標打 | E1: GLD_W MAX | F1: GLD_K MAX | G1: GLD 季 MAX (合併標準) | H1: 訂單-產能 差異 | I1: 達成率
A2: 2023-Q1 | B2: 7298 | C2: 117824 | D2: =B2+C2 -> 125122 | E2: - | F2: - | G2: 180000 | H2: =D2-G2 -> -54878 | I2: =IFERROR(D2/G2,"") -> 0.69512222
A3: 2023-Q2 | B3: 19158 | C3: 87235 | D3: =B3+C3 -> 106393 | E3: - | F3: - | G3: 180000 | H3: =D3-G3 -> -73607 | I3: =IFERROR(D3/G3,"") -> 0.59107222
A4: 2023-Q3 | B4: 56395 | C4: 94412 | D4: =B4+C4 -> 150807 | E4: - | F4: - | G4: 180000 | H4: =D4-G4 -> -29193 | I4: =IFERROR(D4/G4,"") -> 0.83781667
A5: 2023-Q4 | B5: 143561 | C5: 46526 | D5: =B5+C5 -> 190087 | E5: - | F5: - | G5: 180000 | H5: =D5-G5 -> 10087 | I5: =IFERROR(D5/G5,"") -> 1.0560389
A6: 2024-Q1 | B6: 66519 | C6: 100435 | D6: =B6+C6 -> 166954 | E6: - | F6: - | G6: 210000 | H6: =D6-G6 -> -43046 | I6: =IFERROR(D6/G6,"") -> 0.79501905
A7: 2024-Q2 | B7: 21336 | C7: 68374 | D7: =B7+C7 -> 89710 | E7: - | F7: - | G7: 210000 | H7: =D7-G7 -> -120290 | I7: =IFERROR(D7/G7,"") -> 0.42719048
A8: 2024-Q3 | B8: 15946 | C8: 55535 | D8: =B8+C8 -> 71481 | E8: 54000 | F8: 156000 | G8: 210000 | H8: =D8-G8 -> -138519 | I8: =IFERROR(D8/G8,"") -> 0.34038571
A9: 2024-Q4 | B9: 40807 | C9: 25279 | D9: =B9+C9 -> 66086 | E9: 54000 | F9: 156000 | G9: 210000 | H9: =D9-G9 -> -143914 | I9: =IFERROR(D9/G9,"") -> 0.31469524
A10: 2025-Q1 | B10: 74948 | C10: 142336 | D10: =B10+C10 -> 217284 | E10: 54000 | F10: 156000 | G10: 210000 | H10: =D10-G10 -> 7284 | I10: =IFERROR(D10/G10,"") -> 1.0346857
A11: 2025-Q2 | B11: 50446 | C11: 86886 | D11: =B11+C11 -> 137332 | E11: 54000 | F11: 156000 | G11: 210000 | H11: =D11-G11 -> -72668 | I11: =IFERROR(D11/G11,"") -> 0.6539619
A12: 2025-Q3 | B12: 47944 | C12: 22164 | D12: =B12+C12 -> 70108 | E12: 54000 | F12: 144000 | G12: 198000 | H12: =D12-G12 -> -127892 | I12: =IFERROR(D12/G12,"") -> 0.35408081
A13: 2025-Q4 | B13: 65537 | C13: 75436 | D13: =B13+C13 -> 140973 | E13: 54000 | F13: 120000 | G13: 174000 | H13: =D13-G13 -> -33027 | I13: =IFERROR(D13/G13,"") -> 0.81018966
A14: 合計 | B14: =SUM(B2:B13) -> 609895 | C14: =SUM(C2:C13) -> 922442 | D14: =SUM(D2:D13) -> 1532337 | G14: =SUM(G2:G13) -> 2352000 | H14: =SUM(H2:H13) -> -819663 | I14: =IFERROR(D14/G14,"") -> 0.65150383
A16: 註：GLD_W / GLD_K 的 MAX 自 2024-Q3 固定線制度開始才分列；G 欄為 GLD 整體季產能標準，適用全期間。

Sheet 來源差異對照
A1: 2025 年：來源檔兩個分頁的 GLD 標打差異
A2: 主表「2023-2026標打實績MK內部用」為對 GU 呈現版本（本分析採用）；「2023-26 IND」為內部明細分頁，2025 數字略有更新。
A4: 期間 | B4: 項目 | C4: 主表 (採用) | D4: 2023-26 IND 分頁 | E4: 差異
A5: 2025-Q1 | B5: GLD_W 平織 | C5: 74948 | D5: 79405 | E5: =D5-C5 -> 4457
A6: 2025-Q1 | B6: GLD_K 針織 | C6: 142336 | D6: 142336 | E6: =D6-C6 -> 0
A7: 2025-Q2 | B7: GLD_W 平織 | C7: 50446 | D7: 50446 | E7: =D7-C7 -> 0
A8: 2025-Q2 | B8: GLD_K 針織 | C8: 86886 | D8: 86886 | E8: =D8-C8 -> 0
A9: 2025-Q3 | B9: GLD_W 平織 | C9: 47944 | D9: 47929 | E9: =D9-C9 -> -15
A10: 2025-Q3 | B10: GLD_K 針織 | C10: 22164 | D10: 22164 | E10: =D10-C10 -> 0
A11: 2025-Q4 | B11: GLD_W 平織 | C11: 65537 | D11: 65537 | E11: =D11-C11 -> 0
A12: 2025-Q4 | B12: GLD_K 針織 | C12: 75436 | D12: 75441 | E12: =D12-C12 -> 5
A13: 2025 合計 | B13: GLD 全廠 | C13: =SUM(C5:C12) -> 565697 | D13: =SUM(D5:D12) -> 570144 | E13: =D13-C13 -> 4447
A15: 差異主要來自 2025-Q1 GLD_W（74,948 → 79,405，+4,457），其餘為個位數修正。若要以 IND 明細分頁為準，2025 GLD 合計為 570,145 標打。
